Governance Level,Functional Division
Regional Office (RO),Curriculum and Learning Management Division (CLMD)
Regional Office (RO),Field Technical Assistance Division (FTAD)
Regional Office (RO),"Policy, Planning, and Research Division (PPRD)"
Regional Office (RO),Human Resource Development Division (HRDD)
Regional Office (RO),Quality Assurance Division (QAD)
Regional Office (RO),Education Support Services Division (ESSD)
Regional Office (RO),Office of the Division Chief
Regional Office (RO),Personnel Section
Regional Office (RO),Cash Section
Regional Office (RO),Records Section
Regional Office (RO),Asset Management Section
Regional Office (RO),General Services Unit
Regional Office (RO),Finance Division
Regional Office (RO),Administrative Division
Regional Office (RO),Legal Unit
Regional Office (RO),ICT Unit
Regional Office (RO),Public Affairs Unit
Schools Division Office (SDO),Curriculum Implementation Division (CID)
Schools Division Office (SDO),School Governance and Operations Division (SGOD)
Schools Division Office (SDO),Instructional Management Section (IMS)
Schools Division Office (SDO),Legal Unit
Schools Division Office (SDO),Finance Services
Schools Division Office (SDO),Information Technology Unit
Schools Division Office (SDO),Administrative Section
Central Office,Administrative Service
Central Office,Bureau of Curriculum Development (BCD)
Central Office,Bureau of Education Assessment (BEA)
Central Office,Bureau of Human Resource and Organizational Development (BHROD)
Central Office,Bureau of Learner Support Services
Central Office,Bureau of Learning Delivery (BLD)
Central Office,Bureau of Learning Resources
Central Office,Finance Service
Central Office,Information and Communication Technology Service
Central Office,Legal Service
Central Office,National Educators Academy of the Philippines (NEAP)
Central Office,Planning Service